"1988","20005","10829","G","12.38","Time"
"1988","20005","16511","S","12.61","Time"
"1988","20005","16682","B","12.75","Time"
"1988","20006","15729","S","27:23.5","Time"
"1988","20006","15798","G","27:21.5","Time"
"1988","20006","16138","B","27:25.2","Time"
"1988","20007","15790","G","31:05.2","Time"
"1988","20007","16098","B","31:19.8","Time"
"1988","20007","16280","S","31:08.4","Time"
"1988","20008","10608","S","9.97","Time"
"1988","20008","12148","G","9.92","Time"
"1988","20008","16530","B","9.99","Time"
"1988","20009","10149","S","10.83","Time"
"1988","20009","10854","B","10.85","Time"
"1988","20009","16015","G","10.54","Time"
"1988","20010","15823","B","13.38","Time"
"1988","20010","16076","S","13.28","Time"
"1988","20010","16139","G","12.98","Time"
"1988","20012","15930","S","03:36.2","Time"
"1988","20012","16043","B","03:36.2","Time"
"1988","20012","16451","G","03:36.0","Time"
"1988","20013","15746","S","04:00.2","Time"
"1988","20013","16072","G","03:54.0","Time"
"1988","20013","16465","B","04:00.3","Time"
"1988","20015","12148","S","19.79","Time"
"1988","20015","15896","G","19.75","Time"
"1988","20015","16518","B","20.04","Time"
"1988","20016","10854","B","21.95","Time"
"1988","20016","16015","G","21.34","Time"
"1988","20016","16077","S","21.72","Time"
"1988","20017","14112","S","1'20:00","Time"
"1988","20017","15885","B","1'20:14","Time"
"1988","20017","16422","G","1'19:57","Time"
"1988","20020","16106","G","08:05.5","Time"
"1988","20020","16154","S","08:06.8","Time"
"1988","20020","16454","B","08:08.0","Time"
"1988","20021","10608","S","38.28","Time"
"1988","20021","15813","G","38.19","Time"
"1988","20021","15818","S","38.28","Time"
"1988","20021","16185","G","38.19","Time"
"1988","20021","16267","B","38.4","Time"
"1988","20021","16283","S","38.28","Time"
"1988","20021","16322","B","38.4","Time"
"1988","20021","16329","G","38.19","Time"
"1988","20021","16429","B","38.4","Time"
"1988","20021","16438","S","38.28","Time"
"1988","20021","16468","B","38.4","Time"
"1988","20021","16479","G","38.19","Time"
"1988","20022","10149","G","41.98","Time"
"1988","20022","15765","S","42.09","Time"
"1988","20022","15810","G","41.98","Time"
"1988","20022","15927","G","41.98","Time"
"1988","20022","16001","S","42.09","Time"
"1988","20022","16015","G","41.98","Time"
"1988","20022","16092","B","42.75","Time"
"1988","20022","16159","B","42.75","Time"
"1988","20022","16196","S","42.09","Time"
"1988","20022","16263","B","42.75","Time"
"1988","20022","16317","S","42.09","Time"
"1988","20022","16410","B","42.75","Time"
"1988","20023","11263","S","03:00.3","Time"
"1988","20023","12152","G","3:56:16","Time"
"1988","20023","15824","S","03:00.3","Time"
"1988","20023","15890","S","03:00.3","Time"
"1988","20023","15907","B","03:00.6","Time"
"1988","20023","15941","G","2:56:16","Time"
"1988","20023","16071","B","03:00.6","Time"
"1988","20023","16248","B","03:00.6","Time"
"1988","20023","16323","S","03:00.3","Time"
"1988","20023","16440","G","5:56:16","Time"
"1988","20023","16447","G","4:56:16","Time"
"1988","20023","16612","B","03:00.6","Time"
"1988","20024","10458","G","03:15.2","Time"
"1988","20024","12682","G","03:15.2","Time"
"1988","20024","15809","S","03:15.5","Time"
"1988","20024","15820","B","03:18.3","Time"
"1988","20024","15903","S","03:15.5","Time"
"1988","20024","15932","B","03:18.3","Time"
"1988","20024","16015","S","03:15.5","Time"
"1988","20024","16060","S","03:15.5","Time"
"1988","20024","16204","G","03:15.2","Time"
"1988","20024","16330","B","03:18.3","Time"
"1988","20024","16347","B","03:18.3","Time"
"1988","20024","16405","G","03:15.2","Time"
"1988","20025","12152","G","43.87","Time"
"1988","20025","15941","B","44.09","Time"
"1988","20025","16440","S","43.93","Time"
"1988","20026","10458","G","48.65","Time"
"1988","20026","12682","B","49.9","Time"
"1988","20026","16330","S","49.45","Time"
"1988","20027","15742","S","47.23","Time"
"1988","20027","16325","B","47.56","Time"
"1988","20027","16402","G","47.19","Time"
"1988","20028","15959","B","53.63","Time"
"1988","20028","15964","G","53.17","Time"
"1988","20028","16204","S","53.18","Time"
"1988","20029","10253","S","13:15.5","Time"
"1988","20029","16188","B","13:15.7","Time"
"1988","20029","16348","G","13:11.7","Time"
"1988","20031","14112","S","3:38:56","Time"
"1988","20031","15986","B","3:30:45","Time"
"1988","20031","16073","G","3:38:29","Time"
"1988","20032","15731","B","01:44.1","Time"
"1988","20032","15875","S","01:43.9","Time"
"1988","20032","15935","G","01:43.5","Time"
"1988","20033","15975","B","01:56.9","Time"
"1988","20033","16640","S","01:56.6","Time"
"1988","20033","16665","G","01:56.1","Time"
"1988","20035","16484","G","8488","Score"
"1988","20035","16545","B","8328","Score"
"1988","20035","16638","S","8399","Score"
"1988","20036","13372","G","68.82","Meter"
"1988","20036","15887","B","67.38","Meter"
"1988","20036","16370","S","67.48","Meter"
"1988","20037","15979","S","71.88","Meter"
"1988","20037","16038","G","72.3","Meter"
"1988","20037","16062","B","69.74","Meter"
"1988","20038","16235","G","84.8","Meter"
"1988","20038","16498","S","83.76","Meter"
"1988","20038","16569","B","81.16","Meter"
"1988","20040","11709","G","7291","Score"
"1988","20040","15762","B","6858","Score"
"1988","20040","16095","S","6897","Score"
"1988","20041","10655","S","2.36","Meter"
"1988","20041","13490","B","2.36","Meter"
"1988","20041","15740","G","2.38","Meter"
"1988","20041","16420","B","2.36","Meter"
"1988","20042","11952","S","2.01","Meter"
"1988","20042","15822","B","1.99","Meter"
"1988","20042","16444","G","2.03","Meter"
"1988","20043","13112","B","83.26","Meter"
"1988","20043","14277","S","84.12","Meter"
"1988","20043","16164","G","84.28","Meter"
"1988","20044","15955","G","74.68","Meter"
"1988","20044","16153","B","67.3","Meter"
"1988","20044","16657","S","70.32","Meter"
"1988","20045","12148","G","8.72","Meter"
"1988","20045","12896","S","8.49","Meter"
"1988","20045","16336","B","8.27","Meter"
"1988","20046","10854","S","7.22","Meter"
"1988","20046","11709","G","7.4","Meter"
"1988","20046","16577","B","7.11","Meter"
"1988","20047","15720","B","2:10:59","Time"
"1988","20047","15791","G","2:10:32","Time"
"1988","20047","16641","S","2:10:47","Time"
"1988","20048","15912","B","2:26:21","Time"
"1988","20048","16270","S","2:25:53","Time"
"1988","20048","16327","G","2:25:40","Time"
"1988","20049","15814","G","5.9","Meter"
"1988","20049","15929","B","5.8","Meter"
"1988","20049","15985","S","5.85","Meter"
"1988","20051","10222","S","22.39","Meter"
"1988","20051","16021","B","21.99","Meter"
"1988","20051","16585","G","22.47","Meter"
"1988","20052","12689","S","21.07","Meter"
"1988","20052","16225","B","21.06","Meter"
"1988","20052","16234","G","22.24","Meter"
"1988","20084","16142","G","01:04.5","Time"
"1988","20084","16203","B","01:05.1","Time"
"1988","20084","16631","S","01:04.8","Time"
"1988","20088","10799","B","04:34.2","Time"
"1988","20088","14183","S","04:35.0","Time"
"1988","20088","16608","G","04:32.0","Time"
"1988","20099","12691","B","","Time"
"1988","20099","16044","G","","Time"
"1988","20099","16178","S","","Time"
"1988","20100","16249","S","","Time"
"1988","20100","16376","B","","Time"
"1988","20100","16464","G","","Time"
"1988","20101","10909","G","04:13.3","Time"
"1988","20101","12445","B","04:16.0","Time"
"1988","20101","14183","B","04:16.0","Time"
"1988","20101","15785","S","04:14.1","Time"
"1988","20101","15924","B","04:16.0","Time"
"1988","20101","16041","S","04:14.1","Time"
"1988","20101","16110","G","04:13.3","Time"
"1988","20101","16279","B","04:16.0","Time"
"1988","20101","16293","S","04:14.1","Time"
"1988","20101","16343","G","04:13.3","Time"
"1988","20101","16608","G","04:13.3","Time"
"1988","20101","16667","S","04:14.1","Time"
"1988","20239","11866","G","687.9","Score"
"1988","20239","15817","S","687.9","Score"
"1988","20239","16672","B","684.5","Score"
"1988","20240","13398","G","","Score"
"1988","20240","15908","B","","Score"
"1988","20240","16463","S","","Score"
"1988","20241","13160","B","694","Score"
"1988","20241","15778","S","694.2","Score"
"1988","20241","16259","G","695.6","Score"
"1988","20242","15854","G","","Score"
"1988","20242","16262","B","","Score"
"1988","20242","16541","S","","Score"
"1988","20243","15741","B","686","Score"
"1988","20243","16037","G","689","Score"
"1988","20243","16064","S","687","Score"
"1988","20246","10177","G","660","Score"
"1988","20246","13375","S","696","Score"
"1988","20246","13496","S","657","Score"
"1988","20246","15756","B","657","Score"
"1988","20246","16174","G","698","Score"
"1988","20246","16177","B","693","Score"
"1988","20248","15724","S","1275.6","Score"
"1988","20248","15871","G","1279.3","Score"
"1988","20248","16074","B","1275","Score"
"1988","20249","15846","S","702.8","Score"
"1988","20249","16625","G","703.9","Score"
"1988","20249","16683","B","701.9","Score"
"1988","20250","16219","S","","Score"
"1988","20250","16541","G","","Score"
"1988","20250","16576","B","","Score"
"1988","20253","15893","S","221","Score"
"1988","20253","16020","B","220","Score"
"1988","20253","16653","G","222","Score"
"1988","20256","15761","S","222","Score"
"1988","20256","16319","G","222","Score"
"1988","20256","16395","B","219","Score"
"1988","20259","15777","S","55.18","Time"
"1988","20259","16407","B","55.2","Time"
"1988","20259","16559","G","55.05","Time"
"1988","20260","10897","S","01:01.6","Time"
"1988","20260","16368","G","01:00.9","Time"
"1988","20260","16522","B","01:01.6","Time"
"1988","20261","11339","S","01:02.1","Time"
"1988","20261","16321","G","01:02.0","Time"
"1988","20261","16635","B","01:02.2","Time"
"1988","20262","15886","G","01:07.9","Time"
"1988","20262","15970","S","01:08.7","Time"
"1988","20262","16050","B","01:08.8","Time"
"1988","20263","10333","S","53.01","Time"
"1988","20263","16082","B","53.3","Time"
"1988","20263","16346","G","53","Time"
"1988","20264","13072","B","59.52","Time"
"1988","20264","16368","G","59","Time"
"1988","20264","16655","S","59.45","Time"
"1988","20265","10333","G","48.63","Time"
"1988","20265","10522","B","49.62","Time"
"1988","20265","16078","S","49.08","Time"
"1988","20266","13012","B","55.49","Time"
"1988","20266","14304","S","55.47","Time"
"1988","20266","16368","G","54.93","Time"
"1988","20267","15888","B","15:06.1","Time"
"1988","20267","16400","S","15:02.7","Time"
"1988","20267","16461","G","15:00.4","Time"
"1988","20268","15750","S","01:59.6","Time"
"1988","20268","16140","B","02:00.5","Time"
"1988","20268","16407","G","01:59.4","Time"
"1988","20269","10897","G","02:09.3","Time"
"1988","20269","16522","B","02:11.5","Time"
"1988","20269","16690","S","02:10.6","Time"
"1988","20270","11187","S","02:14.1","Time"
"1988","20270","16243","B","02:15.2","Time"
"1988","20270","16564","G","02:13.5","Time"
"1988","20271","15970","B","02:28.3","Time"
"1988","20271","16050","G","02:26.7","Time"
"1988","20271","16065","S","02:27.5","Time"
"1988","20272","16019","G","01:56.9","Time"
"1988","20272","16326","B","01:58.3","Time"
"1988","20272","16351","S","01:58.2","Time"
"1988","20273","16290","B","02:10.8","Time"
"1988","20273","16354","G","02:09.5","Time"
"1988","20273","16655","S","02:09.9","Time"
"1988","20274","10333","B","01:48.0","Time"
"1988","20274","11500","S","01:47.9","Time"
"1988","20274","15735","G","01:47.3","Time"
"1988","20275","13597","B","01:59.0","Time"
"1988","20275","15971","G","01:57.7","Time"
"1988","20275","16408","S","01:58.7","Time"
"1988","20276","10711","G","02:00.2","Time"
"1988","20276","16186","S","02:01.6","Time"
"1988","20276","16200","B","02:02.4","Time"
"1988","20277","11551","G","02:12.6","Time"
"1988","20277","15898","S","02:13.3","Time"
"1988","20277","16252","B","02:14.9","Time"
"1988","20278","10333","G","03:16.5","Time"
"1988","20278","13156","B","03:19.8","Time"
"1988","20278","14283","B","03:19.8","Time"
"1988","20278","15743","S","03:18.3","Time"
"1988","20278","15882","G","03:16.5","Time"
"1988","20278","15943","S","03:18.3","Time"
"1988","20278","15963","B","03:19.8","Time"
"1988","20278","16048","B","03:19.8","Time"
"1988","20278","16078","G","03:16.5","Time"
"1988","20278","16081","G","03:16.5","Time"
"1988","20278","16424","S","03:18.3","Time"
"1988","20278","16590","S","03:18.3","Time"
"1988","20279","11551","G","03:40.6","Time"
"1988","20279","13597","G","03:40.6","Time"
"1988","20279","13838","B","03:44.2","Time"
"1988","20279","15805","S","03:43.4","Time"
"1988","20279","16181","B","03:44.2","Time"
"1988","20279","16295","G","03:40.6","Time"
"1988","20279","16331","S","03:43.4","Time"
"1988","20279","16332","S","03:43.4","Time"
"1988","20279","16368","G","03:40.6","Time"
"1988","20279","16614","S","03:43.4","Time"
"1988","20279","16643","B","03:44.2","Time"
"1988","20279","16650","B","03:44.2","Time"
"1988","20280","13772","S","03:39.3","Time"
"1988","20280","15777","G","03:36.9","Time"
"1988","20280","15891","S","03:39.3","Time"
"1988","20280","16010","S","03:39.3","Time"
"1988","20280","16081","G","03:36.9","Time"
"1988","20280","16200","B","03:40.0","Time"
"1988","20280","16324","G","03:36.9","Time"
"1988","20280","16407","B","03:40.0","Time"
"1988","20280","16412","S","03:39.3","Time"
"1988","20280","16424","B","03:40.0","Time"
"1988","20280","16493","G","03:36.9","Time"
"1988","20280","16635","B","03:40.0","Time"
"1988","20281","15753","S","04:07.9","Time"
"1988","20281","16045","B","04:10.5","Time"
"1988","20281","16050","G","04:03.7","Time"
"1988","20281","16097","S","04:07.9","Time"
"1988","20281","16114","B","04:10.5","Time"
"1988","20281","16284","S","04:07.9","Time"
"1988","20281","16295","G","04:03.8","Time"
"1988","20281","16296","B","04:10.5","Time"
"1988","20281","16358","B","04:10.5","Time"
"1988","20281","16368","G","04:03.7","Time"
"1988","20281","16650","S","04:07.9","Time"
"1988","20281","16655","G","04:03.8","Time"
"1988","20282","10333","G","07:12.5","Time"
"1988","20282","11198","G","07:12.5","Time"
"1988","20282","14283","S","07:13.7","Time"
"1988","20282","15845","G","07:12.5","Time"
"1988","20282","15882","G","07:12.5","Time"
"1988","20282","15888","S","07:13.7","Time"
"1988","20282","15947","B","07:14.4","Time"
"1988","20282","15963","S","07:13.7","Time"
"1988","20282","16019","B","07:14.4","Time"
"1988","20282","16039","B","07:14.4","Time"
"1988","20282","16049","B","07:14.4","Time"
"1988","20282","16239","S","07:13.7","Time"
"1988","20284","15735","S","03:47.1","Time"
"1988","20284","15888","G","03:47.0","Time"
"1988","20284","16666","B","03:47.3","Time"
"1988","20285","10952","G","04:03.9","Time"
"1988","20285","15971","S","04:05.9","Time"
"1988","20285","16316","B","04:06.6","Time"
"1988","20286","10249","B","04:18.0","Time"
"1988","20286","10711","G","04:14.7","Time"
"1988","20286","16656","S","04:17.4","Time"
"1988","20287","10952","G","04:37.8","Time"
"1988","20287","11551","B","04:39.8","Time"
"1988","20287","16253","S","04:39.5","Time"
"1988","20288","10333","G","22.14","Time"
"1988","20288","16081","S","22.36","Time"
"1988","20288","16424","B","22.71","Time"
"1988","20289","14217","S","25.64","Time"
"1988","20289","16295","B","25.71","Time"
"1988","20289","16368","G","25.49","Time"
"1988","20289","16548","B","25.71","Time"
"1988","20290","10952","G","08:20.2","Time"
"1988","20290","16282","B","08:22.9","Time"
"1988","20290","16554","S","08:20.1","Time"
"1992","20005","10829","B","12.7","Time"
"1992","20005","12373","S","12.69","Time"
"1992","20005","12899","G","12.64","Time"
"1992","20006","10012","B","28:00.1","Time"
"1992","20006","10565","S","27:47.7","Time"
"1992","20006","13493","G","27:46.7","Time"
"1992","20007","11648","B","31:19.9","Time"
"1992","20007","12509","S","31:11.7","Time"
"1992","20007","13881","G","31:06.0","Time"
"1992","20008","10608","G","9.96","Time"
"1992","20008","11073","S","10.02","Time"
"1992","20008","12558","B","10.04","Time"
"1992","20009","10698","S","10.83","Time"
"1992","20009","10773","G","10.82","Time"
"1992","20009","13057","B","10.84","Time"
"1992","20010","10747","S","13.24","Time"
"1992","20010","12453","G","13.12","Time"
"1992","20010","12991","B","13.26","Time"
"1992","20012","10490","G","03:40.1","Time"
"1992","20012","10902","S","03:40.6","Time"
"1992","20012","13641","B","03:40.7","Time"
"1992","20013","10409","G","03:55.3","Time"
"1992","20013","13076","B","03:57.1","Time"
"1992","20013","13195","S","03:56.9","Time"
"1992","20015","10243","B","20.38","Time"
"1992","20015","11073","S","20.13","Time"
"1992","20015","12369","G","20.01","Time"
"1992","20016","10698","S","22.02","Time"
"1992","20016","12849","B","22.09","Time"
"1992","20016","13837","G","21.81","Time"
"1992","20017","10730","B","1:23:11","Time"
"1992","20017","12097","S","1:22:25","Time"
"1992","20017","13009","G","1:21:45","Time"
"1992","20020","10335","G","08:08.8","Time"
"1992","20020","12650","B","08:10.7","Time"
"1992","20020","13307","S","08:09.6","Time"
"1992","20021","10021","S","37.98","Time"
"1992","20021","10030","B","38","Time"
"1992","20021","10480","G","37.4","Time"
"1992","20021","10957","S","37.98","Time"
"1992","20021","10958","S","37.98","Time"
"1992","20021","11586","S","37.98","Time"
"1992","20021","11596","B","38","Time"
"1992","20021","11655","G","37.4","Time"
"1992","20021","11764","S","37.98","Time"
"1992","20021","12055","B","38","Time"
"1992","20021","12148","G","37.4","Time"
"1992","20021","12368","G","37.4","Time"
"1992","20021","12558","G","37.4","Time"
"1992","20021","13473","B","38","Time"
"1992","20022","10149","G","42.11","Time"
"1992","20022","10366","S","42.16","Time"
"1992","20022","11022","G","42.11","Time"
"1992","20022","11317","G","42.11","Time"
"1992","20022","11570","B","42.81","Time"
"1992","20022","11691","G","42.11","Time"
"1992","20022","12332","S","42.16","Time"
"1992","20022","12825","B","42.81","Time"
"1992","20022","12830","B","42.81","Time"
"1992","20022","13057","S","42.16","Time"
"1992","20022","13837","G","42.11","Time"
"1992","20022","13854","S","42.16","Time"
"1992","20022","13913","B","42.81","Time"
"1992","20023","10041","B","02:59.7","Time"
"1992","20023","10343","B","02:59.7","Time"
"1992","20023","11293","B","02:59.7","Time"
"1992","20023","11360","G","02:55.7","Time"
"1992","20023","11458","S","02:59.5","Time"
"1992","20023","11461","S","02:59.5","Time"
"1992","20023","11647","G","02:55.7","Time"
"1992","20023","11685","G","02:55.7","Time"
"1992","20023","12047","B","02:59.7","Time"
"1992","20023","12152","G","02:55.7","Time"
"1992","20023","12378","S","02:59.5","Time"
"1992","20023","13121","B","02:59.7","Time"
"1992","20023","13154","B","02:59.7","Time"
"1992","20023","13761","S","02:59.5","Time"
"1992","20023","13921","G","02:55.7","Time"
"1992","20023","14101","G","02:55.7","Time"
"1992","20024","10458","G","03:20.2","Time"
"1992","20024","10594","G","03:20.2","Time"
"1992","20024","10805","G","03:20.2","Time"
"1992","20024","10846","B","04:24.2","Time"
"1992","20024","11328","B","03:24.2","Time"
"1992","20024","11471","S","03:20.9","Time"
"1992","20024","11725","S","03:20.9","Time"
"1992","20024","12526","S","03:20.9","Time"
"1992","20024","12682","G","03:20.2","Time"
"1992","20024","12750","G","03:20.2","Time"
"1992","20024","13233","G","03:20.2","Time"
"1992","20024","13529","B","03:24.2","Time"
"1992","20024","13603","S","03:20.9","Time"
"1992","20024","13619","B","03:24.2","Time"
"1992","20024","13837","S","03:20.9","Time"
"1992","20024","14249","S","03:20.9","Time"
"1992","20025","11875","B","44.24","Time"
"1992","20025","12152","S","44.21","Time"
"1992","20025","14101","G","43.5","Time"
"1992","20026","10458","S","49.05","Time"
"1992","20026","12936","G","48.83","Time"
"1992","20026","13136","B","49.64","Time"
"1992","20027","10041","B","47.82","Time"
"1992","20027","11263","S","47.66","Time"
"1992","20027","14251","G","46.78","Time"
"1992","20028","10978","S","53.69","Time"
"1992","20028","11327","G","53.23","Time"
"1992","20028","14002","B","54.31","Time"
"1992","20029","10253","G","13:12.5","Time"
"1992","20029","10258","B","13:13.0","Time"
"1992","20029","10340","S","13:12.7","Time"
"1992","20031","12490","S","3:52:09","Time"
"1992","20031","12952","G","3:50:13","Time"
"1992","20031","14112","B","3:53:45","Time"
"1992","20032","11270","B","01:44.0","Time"
"1992","20032","11859","S","01:43.7","Time"
"1992","20032","13727","G","01:43.7","Time"
"1992","20033","12750","S","01:56.0","Time"
"1992","20033","13087","B","01:56.8","Time"
"1992","20033","13947","G","01:55.5","Time"
"1992","20035","11680","B","8,309","Score"
"1992","20035","12929","S","8,412","Score"
"1992","20035","14314","G","8,611","Score"
"1992","20036","12621","B","64.12","Meter"
"1992","20036","13372","S","64.94","Meter"
"1992","20036","13889","G","65.12","Meter"
"1992","20037","10672","B","66.24","Meter"
"1992","20037","11803","S","67.78","Meter"
"1992","20037","12370","G","70.06","Meter"
"1992","20038","10011","G","82.54","Meter"
"1992","20038","10153","S","81.96","Meter"
"1992","20038","12722","B","81.38","Meter"
"1992","20040","10298","S","6,845","Score"
"1992","20040","10431","B","6,649","Score"
"1992","20040","11709","G","7,044","Score"
"1992","20041","10655","B","2.34","Meter"
"1992","20041","11048","B","2.34","Meter"
"1992","20041","12892","B","2.34","Meter"
"1992","20041","13490","S","2.34","Meter"
"1992","20041","13562","G","2.34","Meter"
"1992","20042","10152","S","2","Meter"
"1992","20042","11436","G","2.02","Meter"
"1992","20042","13084","B","1.97","Meter"
"1992","20043","10180","B","83.38","Meter"
"1992","20043","13112","S","86.6","Meter"
"1992","20043","14277","G","89.66","Meter"
"1992","20044","11047","B","66.86","Meter"
"1992","20044","13133","G","68.34","Meter"
"1992","20044","13435","S","68.26","Meter"
"1992","20045","11279","B","8.34","Meter"
"1992","20045","12148","G","8.67","Meter"
"1992","20045","12896","S","8.64","Meter"
"1992","20046","10854","G","7.14","Meter"
"1992","20046","11709","B","7.07","Meter"
"1992","20046","11987","S","7.12","Meter"
"1992","20047","11079","B","2:14:00","Time"
"1992","20047","11556","G","2:13:23","Time"
"1992","20047","12601","S","2:13:45","Time"
"1992","20048","10129","S","2:32:49","Time"
"1992","20048","12575","B","2:33:59","Time"
"1992","20048","14228","G","2:32:41","Time"
"1992","20049","11136","B","5.75","Meter"
"1992","20049","13736","G","5.8","Meter"
"1992","20049","13853","S","5.8","Meter"
"1992","20051","10818","S","20.96","Meter"
"1992","20051","12292","B","20.94","Meter"
"1992","20051","13630","G","21.7","Meter"
"1992","20052","11539","S","20.47","Meter"
"1992","20052","11995","G","21.06","Meter"
"1992","20052","12689","B","19.78","Meter"
"1992","20053","10649","G","18.17","Meter"
"1992","20053","13250","B","17.36","Meter"
"1992","20053","13480","S","17.6","Meter"
"1992","20084","11399","B","01:04.8","Time"
"1992","20084","11773","S","01:04.3","Time"
"1992","20084","12596","G","01:03.3","Time"
"1992","20088","10097","B","04:31.0","Time"
"1992","20088","10357","G","04:27.4","Time"
"1992","20088","12129","S","04:30.1","Time"
"1992","20089","13224","G","03:41.8","Time"
"1992","20089","13885","B","03:52.4","Time"
"1992","20089","14100","S","03:43.4","Time"
"1992","20099","11019","G","","Time"
"1992","20099","11388","B","","Time"
"1992","20099","12690","S","","Time"
"1992","20100","11385","B","","Time"
"1992","20100","12699","S","","Time"
"1992","20100","13287","G","","Time"
"1992","20101","10038","S","04:10.2","Time"
"1992","20101","11089","B","04:15.9","Time"
"1992","20101","11100","G","04:08.8","Time"
"1992","20101","11204","G","04:08.8","Time"
"1992","20101","12129","G","04:08.8","Time"
"1992","20101","12307","B","04:15.9","Time"
"1992","20101","12445","S","04:10.2","Time"
"1992","20101","12724","B","04:15.9","Time"
"1992","20101","12764","S","04:10.2","Time"
"1992","20101","12779","S","04:10.2","Time"
"1992","20101","12965","B","04:15.9","Time"
"1992","20101","13305","B","04:15.9","Time"
"1992","20101","13596","G","04:08.8","Time"
"1992","20101","14071","G","04:08.8","Time"
"1992","20239","10177","B","684.1","Score"
"1992","20239","12994","S","684.1","Score"
"1992","20239","14089","G","684.8","Score"
"1992","20240","11303","B","481.6","Score"
"1992","20240","12244","G","486.4","Score"
"1992","20240","13398","S","486.4","Score"
"1992","20241","10184","S","691.9","Score"
"1992","20241","10986","G","695.3","Score"
"1992","20241","13160","B","691.7","Score"
"1992","20242","10332","B","495.1","Score"
"1992","20242","12100","S","495.3","Score"
"1992","20242","14230","G","498.2","Score"
"1992","20243","10151","S","672","Score"
"1992","20243","11625","G","673","Score"
"1992","20243","13090","B","670","Score"
"1992","20246","12035","S","882","Score"
"1992","20246","12278","G","658","Score"
"1992","20246","13375","G","885","Score"
"1992","20246","13496","B","657","Score"
"1992","20246","14030","B","882","Score"
"1992","20246","14089","S","657","Score"
"1992","20248","11052","S","1,266.60","Score"
"1992","20248","11900","B","1,265.90","Score"
"1992","20248","12970","G","1,267.40","Score"
"1992","20249","12110","G","702.5","Score"
"1992","20249","13011","B","701.1","Score"
"1992","20249","13598","S","701.4","Score"
"1992","20250","12003","B","681.5","Score"
"1992","20250","12402","S","682.7","Score"
"1992","20250","12469","G","684.3","Score"
"1992","20254","11181","S","222","Score"
"1992","20254","13221","B","222","Score"
"1992","20254","14291","G","223","Score"
"1992","20256","11529","G","219","Score"
"1992","20256","13987","B","218","Score"
"1992","20256","14098","S","219","Score"
"1992","20259","10316","B","54.78","Time"
"1992","20259","13231","S","54.04","Time"
"1992","20259","13772","G","53.98","Time"
"1992","20260","10897","G","01:00.7","Time"
"1992","20260","12264","B","01:01.4","Time"
"1992","20260","13677","S","01:01.1","Time"
"1992","20261","10787","G","01:01.5","Time"
"1992","20261","13196","B","01:01.8","Time"
"1992","20261","13237","S","01:01.7","Time"
"1992","20262","12669","S","01:08.2","Time"
"1992","20262","13165","B","01:09.3","Time"
"1992","20262","13239","G","01:08.0","Time"
"1992","20263","12590","G","53.32","Time"
"1992","20263","12697","B","53.41","Time"
"1992","20263","13687","S","53.35","Time"
"1992","20264","10032","S","58.74","Time"
"1992","20264","13012","B","59.01","Time"
"1992","20264","13072","G","58.62","Time"
"1992","20265","10392","S","49.43","Time"
"1992","20265","10522","B","49.5","Time"
"1992","20265","13029","G","49.02","Time"
"1992","20266","13787","S","54.84","Time"
"1992","20266","13922","B","54.94","Time"
"1992","20266","14304","G","54.64","Time"
"1992","20267","11488","B","15:02.3","Time"
"1992","20267","11519","S","14:55.3","Time"
"1992","20267","12950","G","14:43.5","Time"
"1992","20268","10249","B","01:59.4","Time"
"1992","20268","12259","G","01:58.5","Time"
"1992","20268","13401","S","01:58.9","Time"
"1992","20269","10897","G","02:07.1","Time"
"1992","20269","11402","S","02:09.5","Time"
"1992","20269","11611","G","02:26.7","Time"
"1992","20269","12197","S","02:26.8","Time"
"1992","20269","12669","B","02:26.9","Time"
"1992","20269","13605","B","02:10.2","Time"
"1992","20270","10228","G","02:10.2","Time"
"1992","20270","11187","B","02:11.3","Time"
"1992","20270","13237","S","02:11.2","Time"
"1992","20272","10936","B","01:58.5","Time"
"1992","20272","12238","S","01:57.9","Time"
"1992","20272","13608","G","01:56.3","Time"
"1992","20273","12820","B","02:09.0","Time"
"1992","20273","13303","G","02:08.7","Time"
"1992","20273","14085","S","02:09.0","Time"
"1992","20274","11500","S","01:46.9","Time"
"1992","20274","11758","B","01:47.6","Time"
"1992","20274","13270","G","01:46.7","Time"
"1992","20275","11356","G","01:57.9","Time"
"1992","20275","11807","B","01:59.7","Time"
"1992","20275","13922","S","01:58.0","Time"
"1992","20276","10474","S","02:01.0","Time"
"1992","20276","10700","B","02:01.0","Time"
"1992","20276","10711","G","02:00.8","Time"
"1992","20277","11551","B","02:13.9","Time"
"1992","20277","12197","G","02:11.7","Time"
"1992","20277","13303","S","02:11.9","Time"
"1992","20278","10240","S","03:17.6","Time"
"1992","20278","10333","G","03:16.7","Time"
"1992","20278","11541","G","03:16.7","Time"
"1992","20278","11623","G","03:16.7","Time"
"1992","20278","11797","S","03:17.6","Time"
"1992","20278","12812","G","03:16.7","Time"
"1992","20278","12998","B","03:17.9","Time"
"1992","20278","13029","S","03:17.6","Time"
"1992","20278","13054","S","03:17.6","Time"
"1992","20278","13156","B","03:17.9","Time"
"1992","20278","13867","B","03:17.9","Time"
"1992","20278","14283","B","03:17.9","Time"
"1992","20279","10331","S","03:40.1","Time"
"1992","20279","11356","G","03:39.5","Time"
"1992","20279","11551","B","03:41.6","Time"
"1992","20279","11665","S","03:40.1","Time"
"1992","20279","12382","G","03:39.5","Time"
"1992","20279","12846","B","03:41.6","Time"
"1992","20279","13597","B","03:41.6","Time"
"1992","20279","13787","G","03:39.5","Time"
"1992","20279","13838","G","03:39.5","Time"
"1992","20279","13922","B","03:41.6","Time"
"1992","20279","14124","S","03:40.1","Time"
"1992","20279","14238","S","03:40.1","Time"
"1992","20280","10627","B","03:39.7","Time"
"1992","20280","10629","B","03:39.7","Time"
"1992","20280","10787","G","03:36.9","Time"
"1992","20280","11171","B","03:39.7","Time"
"1992","20280","11606","S","03:38.6","Time"
"1992","20280","11797","S","03:38.6","Time"
"1992","20280","12590","G","03:36.9","Time"
"1992","20280","12812","G","03:36.9","Time"
"1992","20280","13029","S","03:38.6","Time"
"1992","20280","13230","G","03:36.9","Time"
"1992","20280","13401","S","03:38.6","Time"
"1992","20280","13772","B","03:39.7","Time"
"1992","20281","10032","G","04:02.5","Time"
"1992","20281","10841","S","04:05.2","Time"
"1992","20281","11402","S","04:05.2","Time"
"1992","20281","11551","S","04:05.2","Time"
"1992","20281","11867","B","04:06.4","Time"
"1992","20281","12264","G","04:02.5","Time"
"1992","20281","12502","B","04:06.4","Time"
"1992","20281","12669","G","04:02.5","Time"
"1992","20281","13239","B","04:06.4","Time"
"1992","20281","13787","G","04:02.5","Time"
"1992","20281","13922","S","04:05.2","Time"
"1992","20281","14300","B","04:06.4","Time"
"1992","20282","11085","S","07:15.5","Time"
"1992","20282","11198","B","07:16.2","Time"
"1992","20282","11500","S","07:15.5","Time"
"1992","20282","11541","B","07:16.2","Time"
"1992","20282","12138","G","07:11.9","Time"
"1992","20282","12812","B","07:16.2","Time"
"1992","20282","13071","G","07:11.9","Time"
"1992","20282","13270","G","07:11.9","Time"
"1992","20282","13608","B","07:16.2","Time"
"1992","20282","13693","G","07:11.9","Time"
"1992","20282","14068","S","07:15.5","Time"
"1992","20282","14126","S","07:15.5","Time"
"1992","20284","11500","B","03:46.8","Time"
"1992","20284","12950","S","03:45.2","Time"
"1992","20284","13267","G","03:45.0","Time"
"1992","20285","10952","S","04:07.4","Time"
"1992","20285","11402","G","04:07.2","Time"
"1992","20285","12150","B","04:11.2","Time"
"1992","20286","10711","G","04:14.2","Time"
"1992","20286","12671","S","04:15.6","Time"
"1992","20286","13264","B","04:16.3","Time"
"1992","20287","10897","G","04:36.5","Time"
"1992","20287","12197","S","04:36.7","Time"
"1992","20287","13303","B","04:37.6","Time"
"1992","20288","10333","S","22.09","Time"
"1992","20288","11623","B","22.3","Time"
"1992","20288","13029","G","21.91","Time"
"1992","20289","12382","B","25.23","Time"
"1992","20289","14217","G","24.79","Time"
"1992","20289","14304","S","25.08","Time"
"1992","20290","10952","G","08:25.5","Time"
"1992","20290","11435","B","08:31.0","Time"
"1992","20290","12150","S","08:30.3","Time"
"1992","20330","10612","G","287.5","kg"
"1992","20330","12224","S","277.5","kg"
"1992","20330","12285","B","277.5","kg"
"1996","20005","10465","S","12.59","Time"
"1996","20005","10919","G","12.58","Time"
"1996","20005","11194","B","12.65","Time"
"1996","20006","11159","G","27:07.3","Time"
"1996","20006","11482","B","27:24.7","Time"
"1996","20006","13765","S","27:08.2","Time"
"1996","20007","13147","G","31:01.6","Time"
"1996","20007","14072","B","31:06.6","Time"
"1996","20007","14077","S","31:02.6","Time"
"1996","20008","10189","G","9.84","Time"
"1996","20008","10374","B","9.9","Time"
"1996","20008","11073","S","9.89","Time"
"1996","20009","10773","G","10.94","Time"
"1996","20009","12849","S","10.94","Time"
"1996","20009","13837","B","10.96","Time"
"1996","20010","10679","S","13.09","Time"
"1996","20010","11676","G","12.95","Time"
"1996","20010","13378","B","13.17","Time"
"1996","20012","10489","S","03:36.4","Time"
"1996","20012","11858","B","03:36.7","Time"
"1996","20012","12592","G","03:35.8","Time"
"1996","20013","11810","B","04:03.0","Time"
"1996","20013","12394","G","04:00.8","Time"
"1996","20013","13675","S","04:01.5","Time"
"1996","20015","10374","B","19.8","Time"
"1996","20015","11073","S","19.68","Time"
"1996","20015","11685","G","19.32","Time"
"1996","20016","12825","B","22.38","Time"
"1996","20016","12849","S","22.24","Time"
"1996","20016","12936","G","22.12","Time"
"1996","20017","12363","S","1:20:16","Time"
"1996","20017","12946","G","1:20:07","Time"
"1996","20017","13395","B","1:20:23","Time"
"1996","20020","11782","G","08:07.1","Time"
"1996","20020","11860","S","08:08.3","Time"
"1996","20020","12054","B","08:11.3","Time"
"1996","20021","10189","G","37.69","Time"
"1996","20021","10860","S","38.05","Time"
"1996","20021","10932","G","37.69","Time"
"1996","20021","11183","G","37.69","Time"
"1996","20021","11381","S","38.05","Time"
"1996","20021","12368","S","38.05","Time"
"1996","20021","12558","S","38.05","Time"
"1996","20021","13146","B","38.41","Time"
"1996","20021","13452","B","38.41","Time"
"1996","20021","13453","B","38.41","Time"
"1996","20021","13462","B","38.41","Time"
"1996","20021","13653","G","37.69","Time"
"1996","20022","10626","S","42.14","Time"
"1996","20022","10698","B","42.24","Time"
"1996","20022","10723","S","42.14","Time"
"1996","20022","10773","G","41.95","Time"
"1996","20022","11077","B","42.24","Time"
"1996","20022","11104","S","42.14","Time"
"1996","20022","11113","G","41.95","Time"
"1996","20022","12532","G","41.95","Time"
"1996","20022","12559","B","42.24","Time"
"1996","20022","12849","B","42.24","Time"
"1996","20022","13631","S","42.14","Time"
"1996","20022","13837","G","41.95","Time"
"1996","20023","10252","S","02:56.6","Time"
"1996","20023","10343","S","02:56.6","Time"
"1996","20023","10625","B","02:59.4","Time"
"1996","20023","11391","G","02:56.0","Time"
"1996","20023","11410","B","02:59.4","Time"
"1996","20023","12374","B","02:59.4","Time"
"1996","20023","12419","G","02:56.0","Time"
"1996","20023","12439","B","02:59.4","Time"
"1996","20023","12538","G","02:56.0","Time"
"1996","20023","13154","S","02:56.6","Time"
"1996","20023","13525","G","02:56.0","Time"
"1996","20023","13782","S","02:56.6","Time"
"1996","20024","10027","S","03:21.0","Time"
"1996","20024","10438","B","03:21.1","Time"
"1996","20024","11261","G","03:20.9","Time"
"1996","20024","11870","B","03:21.1","Time"
"1996","20024","12331","G","03:20.9","Time"
"1996","20024","12526","G","03:20.9","Time"
"1996","20024","12780","S","03:21.0","Time"
"1996","20024","12829","S","03:21.0","Time"
"1996","20024","13199","B","03:21.1","Time"
"1996","20024","13238","B","03:21.1","Time"
"1996","20024","13603","G","03:20.9","Time"
"1996","20024","14259","S","03:21.0","Time"
"1996","20025","10343","S","44.41","Time"
"1996","20025","11685","G","43.49","Time"
"1996","20025","11734","B","44.53","Time"
"1996","20026","11076","S","48.63","Time"
"1996","20026","12780","B","49.1","Time"
"1996","20026","12936","G","48.25","Time"
"1996","20027","10024","G","47.54","Time"
"1996","20027","10718","B","47.96","Time"
"1996","20027","12397","S","47.78","Time"
"1996","20028","10247","S","53.08","Time"
"1996","20028","10461","B","53.22","Time"
"1996","20028","11429","G","52.82","Time"
"1996","20029","10340","S","13:08.2","Time"
"1996","20029","10408","B","13:08.4","Time"
"1996","20029","12731","G","13:08.0","Time"
"1996","20030","10456","B","15:07.5","Time"
"1996","20030","11934","S","15:03.5","Time"
"1996","20030","14077","G","14:59.9","Time"
"1996","20031","11946","G","3:43:30","Time"
"1996","20031","12389","B","3:44:19","Time"
"1996","20031","13425","S","3:43:46","Time"
"1996","20032","12826","B","01:42.8","Time"
"1996","20032","13185","G","01:42.6","Time"
"1996","20032","13409","S","01:42.7","Time"
"1996","20033","12394","G","01:57.7","Time"
"1996","20033","12649","B","01:58.7","Time"
"1996","20033","13086","S","01:58.1","Time"
"1996","20035","10484","S","8706","Score"
"1996","20035","10878","B","8664","Score"
"1996","20035","12762","G","8824","Score"
"1996","20036","10863","S","66.6","Meter"
"1996","20036","11743","B","65.8","Meter"
"1996","20036","13159","G","69.4","Meter"
"1996","20037","13266","S","66.48","Meter"
"1996","20037","14195","G","69.66","Meter"
"1996","20037","14325","B","65.64","Meter"
"1996","20038","10741","S","81.12","Meter"
"1996","20038","11871","G","81.24","Meter"
"1996","20038","12000","B","80.02","Meter"
"1996","20040","12149","B","6489","Score"
"1996","20040","13348","S","6563","Score"
"1996","20040","13440","G","6780","Score"
"1996","20041","10159","G","2.39","Meter"
"1996","20041","12892","S","2.37","Meter"
"1996","20041","13531","B","2.35","Meter"
"1996","20042","10172","B","2.01","Meter"
"1996","20042","10193","S","2.03","Meter"
"1996","20042","11952","G","2.05","Meter"
"1996","20043","10180","S","87.44","Meter"
"1996","20043","13112","B","86.98","Meter"
"1996","20043","14277","G","88.16","Meter"
"1996","20044","11406","B","64.98","Meter"
"1996","20044","12457","S","65.54","Meter"
"1996","20044","13107","G","67.94","Meter"
"1996","20045","10278","S","8.29","Meter"
"1996","20045","11279","B","8.24","Meter"
"1996","20045","12148","G","8.5","Meter"
"1996","20046","10040","G","7.12","Meter"
"1996","20046","11709","B","7","Meter"
"1996","20046","12417","S","7.02","Meter"
"1996","20047","12105","S","2:12:39","Time"
"1996","20047","13797","G","2:12:36","Time"
"1996","20047","14057","B","2:12:44","Time"
"1996","20048","10129","B","2:28:39","Time"
"1996","20048","13170","G","2:26:05","Time"
"1996","20048","14228","S","2:28:05","Time"
"1996","20049","11115","G","5.92","Meter"
"1996","20049","13811","B","5.92","Meter"
"1996","20049","13853","S","5.92","Meter"
"1996","20051","10185","B","20.75","Meter"
"1996","20051","10222","G","21.62","Meter"
"1996","20051","11211","S","20.79","Meter"
"1996","20052","11804","B","19.35","Meter"
"1996","20052","12017","G","20.56","Meter"
"1996","20052","13638","S","19.88","Meter"
"1996","20053","10892","S","17.88","Meter"
"1996","20053","11394","G","18.09","Meter"
"1996","20053","13082","B","17.4","Meter"
"1996","20054","11756","B","14.98","Meter"
"1996","20054","11987","G","15.33","Meter"
"1996","20054","12073","S","14.98","Meter"
"1996","20084","11399","S","01:02.9","Time"
"1996","20084","11714","B","01:03.3","Time"
"1996","20084","13232","G","01:02.7","Time"
"1996","20088","10640","G","04:19.2","Time"
"1996","20088","10926","S","04:21.3","Time"
"1996","20088","12443","B","04:24.9","Time"
"1996","20089","10134","B","03:38.7","Time"
"1996","20089","10296","G","03:32.4","Time"
"1996","20089","10630","S","03:35.4","Time"
"1996","20099","11019","G","","Time"
"1996","20099","11388","B","","Time"
"1996","20099","12741","S","","Time"
"1996","20100","10201","G","","Time"
"1996","20100","11014","S","","Time"
"1996","20100","11385","B","","Time"
"1996","20101","10513","G","04:05.9","Time"
"1996","20101","10555","S","04:06.9","Time"
"1996","20101","10926","G","04:05.9","Time"
"1996","20101","11296","S","04:06.9","Time"
"1996","20101","12036","S","04:06.9","Time"
"1996","20101","12361","S","04:06.9","Time"
"1996","20101","12443","B","04:07.6","Time"
"1996","20101","12580","G","04:05.9","Time"
"1996","20101","12593","G","04:05.9","Time"
"1996","20101","12779","B","04:07.6","Time"
"1996","20101","12842","B","04:07.6","Time"
"1996","20101","14183","B","04:07.6","Time"
"1996","20239","10778","G","684.2","Score"
"1996","20239","11866","B","683.8","Score"
"1996","20239","14089","S","684.1","Score"
"1996","20240","11299","B","488.5","Score"
"1996","20240","11892","G","490.1","Score"
"1996","20240","12244","S","488.5","Score"
"1996","20241","10080","B","693.1","Score"
"1996","20241","11791","G","695.7","Score"
"1996","20241","14056","S","695.2","Score"
"1996","20242","11515","S","497.4","Score"
"1996","20242","11610","B","497.2","Score"
"1996","20242","12412","G","497.6","Score"
"1996","20243","11636","B","678.4","Score"
"1996","20243","14201","S","679.8","Score"
"1996","20243","14214","G","685.8","Score"
"1996","20246","12527","S","692.1","Score"
"1996","20246","13375","G","698","Score"
"1996","20246","14030","B","691.5","Score"
"1996","20247","10241","S","662","Score"
"1996","20247","10778","B","661.8","Score"
"1996","20247","11918","G","666.4","Score"
"1996","20248","10080","G","1273.9","Score"
"1996","20248","10300","S","1272.3","Score"
"1996","20248","14056","B","1269.6","Score"
"1996","20249","10300","S","703.3","Score"
"1996","20249","11225","B","701.9","Score"
"1996","20249","11880","G","704.8","Score"
"1996","20250","11168","S","680.1","Score"
"1996","20250","11610","G","686.1","Score"
"1996","20250","12412","B","679.8","Score"
"1996","20251","12358","G","189","Score"
"1996","20251","12932","S","183","Score"
"1996","20251","14287","B","183","Score"
"1996","20252","11540","B","139","Score"
"1996","20252","11809","S","139","Score"
"1996","20252","13143","G","141","Score"
"1996","20253","10304","B","147","Score"
"1996","20253","10969","G","149","Score"
"1996","20253","13260","S","148","Score"
"1996","20256","10182","B","147","Score"
"1996","20256","10782","G","149","Score"
"1996","20256","12052","S","147","Score"
"1996","20259","10308","B","55.02","Time"
"1996","20259","10970","S","54.98","Time"
"1996","20259","13230","G","54.1","Time"
"1996","20260","10405","G","01:01.2","Time"
"1996","20260","11422","S","01:01.5","Time"
"1996","20260","11991","B","01:02.1","Time"
"1996","20261","10744","G","01:00.7","Time"
"1996","20261","12210","S","01:00.8","Time"
"1996","20261","14095","B","01:01.3","Time"
"1996","20262","10262","S","01:08.1","Time"
"1996","20262","11464","G","01:07.7","Time"
"1996","20262","13165","B","01:09.2","Time"
"1996","20263","12014","B","53.13","Time"
"1996","20263","12534","S","52.53","Time"
"1996","20263","12872","G","52.27","Time"
"1996","20264","12222","S","59.14","Time"
"1996","20264","12382","B","59.23","Time"
"1996","20264","13945","G","59.13","Time"
"1996","20265","10392","B","49.02","Time"
"1996","20265","11362","S","48.81","Time"
"1996","20265","13029","G","48.74","Time"
"1996","20266","12094","G","54.5","Time"
"1996","20266","12382","B","54.93","Time"
"1996","20266","14028","S","54.88","Time"
"1996","20267","11977","S","15:02.4","Time"
"1996","20267","12949","G","14:56.4","Time"
"1996","20267","13521","B","15:02.5","Time"
"1996","20268","10440","G","01:58.5","Time"
"1996","20268","12492","B","01:59.2","Time"
"1996","20268","13380","S","01:59.0","Time"
"1996","20269","10897","G","02:07.8","Time"
"1996","20269","11422","S","02:12.0","Time"
"1996","20269","13246","B","02:12.1","Time"
"1996","20270","11339","S","02:13.0","Time"
"1996","20270","11942","B","02:13.2","Time"
"1996","20270","13237","G","02:12.6","Time"
"1996","20271","10262","S","02:25.8","Time"
"1996","20271","11464","G","02:25.4","Time"
"1996","20271","11967","B","02:26.6","Time"
"1996","20272","11237","B","01:57.5","Time"
"1996","20272","12324","S","01:57.4","Time"
"1996","20272","12872","G","01:56.5","Time"
"1996","20273","12820","G","02:07.8","Time"
"1996","20273","13528","B","02:09.9","Time"
"1996","20273","13784","S","02:09.8","Time"
"1996","20274","10392","S","01:48.1","Time"
"1996","20274","11977","B","01:48.2","Time"
"1996","20274","12237","G","01:47.6","Time"
"1996","20275","11402","B","01:59.6","Time"
"1996","20275","13019","G","01:58.2","Time"
"1996","20275","13922","S","01:58.6","Time"
"1996","20276","10700","G","01:59.9","Time"
"1996","20276","12651","B","02:01.1","Time"
"1996","20276","13450","S","02:00.1","Time"
"1996","20277","12194","S","02:14.4","Time"
"1996","20277","12197","B","02:14.7","Time"
"1996","20277","13528","G","02:13.9","Time"
"1996","20278","10721","G","03:15.4","Time"
"1996","20278","11362","G","03:15.4","Time"
"1996","20278","12812","G","03:15.4","Time"
"1996","20278","12998","B","03:17.2","Time"
"1996","20278","13029","S","03:17.1","Time"
"1996","20278","13048","S","03:17.1","Time"
"1996","20278","13071","S","03:17.1","Time"
"1996","20278","13373","G","03:15.4","Time"
"1996","20278","13867","B","03:17.2","Time"
"1996","20278","14227","S","03:17.1","Time"
"1996","20278","14307","B","03:17.2","Time"
"1996","20278","14308","B","03:17.2","Time"
"1996","20279","10483","B","07:24.3","Time"
"1996","20279","10556","S","07:23.2","Time"
"1996","20279","11055","G","07:22.7","Time"
"1996","20279","11506","G","07:22.7","Time"
"1996","20279","12094","S","07:23.2","Time"
"1996","20279","12382","G","07:22.7","Time"
"1996","20279","12709","S","07:23.2","Time"
"1996","20279","12846","B","07:24.3","Time"
"1996","20279","13420","S","07:23.2","Time"
"1996","20279","13922","B","07:24.3","Time"
"1996","20279","13945","G","07:22.7","Time"
"1996","20279","14028","B","07:24.3","Time"
"1996","20280","10775","B","03:39.6","Time"
"1996","20280","11362","G","03:34.8","Time"
"1996","20280","11433","G","03:34.8","Time"
"1996","20280","11888","B","03:39.6","Time"
"1996","20280","12210","G","03:34.8","Time"
"1996","20280","12260","S","03:37.5","Time"
"1996","20280","12534","B","03:39.6","Time"
"1996","20280","12872","S","03:37.5","Time"
"1996","20280","13029","S","03:37.5","Time"
"1996","20280","13196","B","03:39.6","Time"
"1996","20280","13230","G","03:34.8","Time"
"1996","20280","13401","S","03:37.6","Time"
"1996","20281","10262","G","04:02.9","Time"
"1996","20281","10405","G","04:02.9","Time"
"1996","20281","10491","B","04:07.3","Time"
"1996","20281","10573","B","04:07.3","Time"
"1996","20281","11370","B","04:07.3","Time"
"1996","20281","12382","G","04:02.9","Time"
"1996","20281","12820","S","04:05.1","Time"
"1996","20281","13165","S","04:05.1","Time"
"1996","20281","13256","S","04:05.1","Time"
"1996","20281","13420","B","04:07.3","Time"
"1996","20281","13604","S","04:05.1","Time"
"1996","20281","13945","G","04:02.9","Time"
"1996","20282","10318","G","07:14.8","Time"
"1996","20282","10721","G","07:14.8","Time"
"1996","20282","11085","S","07:17.6","Time"
"1996","20282","11426","B","07:17.7","Time"
"1996","20282","11500","S","07:17.6","Time"
"1996","20282","11541","G","07:14.8","Time"
"1996","20282","11770","B","07:17.7","Time"
"1996","20282","12293","S","07:17.6","Time"
"1996","20282","13373","G","07:14.8","Time"
"1996","20282","13867","B","07:17.7","Time"
"1996","20282","14068","S","07:17.6","Time"
"1996","20282","14283","B","07:17.7","Time"
"1996","20283","11284","B","08:05.5","Time"
"1996","20283","11402","S","08:01.6","Time"
"1996","20283","11618","G","07:59.9","Time"
"1996","20283","11682","B","08:05.5","Time"
"1996","20283","11807","S","08:01.5","Time"
"1996","20283","12820","B","08:05.5","Time"
"1996","20283","13367","S","08:01.6","Time"
"1996","20283","13604","B","08:05.5","Time"
"1996","20283","13730","G","07:59.9","Time"
"1996","20283","13769","G","07:59.9","Time"
"1996","20283","13787","G","07:59.9","Time"
"1996","20283","13922","S","08:01.5","Time"
"1996","20284","11977","B","03:49.4","Time"
"1996","20284","12237","G","03:48.0","Time"
"1996","20284","12869","S","03:49.0","Time"
"1996","20285","11402","S","04:08.3","Time"
"1996","20285","13528","G","04:07.3","Time"
"1996","20285","14027","B","04:08.7","Time"
"1996","20286","10821","G","04:14.9","Time"
"1996","20286","12651","B","04:16.3","Time"
"1996","20286","12671","S","04:15.2","Time"
"1996","20287","10897","B","04:42.5","Time"
"1996","20287","13528","G","04:39.2","Time"
"1996","20287","14052","S","04:42.0","Time"
"1996","20288","10737","B","22.29","Time"
"1996","20288","11362","S","22.26","Time"
"1996","20288","13029","G","22.13","Time"
"1996","20289","12094","S","24.9","Time"
"1996","20289","13945","G","24.87","Time"
"1996","20289","14028","B","25.14","Time"
"1996","20290","10307","G","08:27.9","Time"
"1996","20290","11402","S","08:29.9","Time"
"1996","20290","14027","B","08:30.8","Time"
"2000","20005","10070","S","12.68","Time"
"2000","20005","12608","B","12.76","Time"
"2000","20005","13439","G","12.65","Time"
"2000","20006","11159","G","27:18.2","Time"
"2000","20006","12512","B","27:19.7","Time"
"2000","20006","13765","S","27:18.3","Time"
"2000","20007","13147","B","30:22.9","Time"
"2000","20007","13881","G","30:17.5","Time"
"2000","20007","14072","S","30:22.5","Time"
"2000","20008","10374","S","9.99","Time"
"2000","20008","11280","G","9.87","Time"
"2000","20008","13790","B","10.04","Time"
"2000","20009","11695","G","10.75","Time"
"2000","20009","12090","B","11.18","Time"
"2000","20009","13774","S","11.12","Time"
"2000","20010","10679","B","13.22","Time"
"2000","20010","11135","G","13","Time"
"2000","20010","13851","S","13.16","Time"
"2000","20012","10910","S","03:32.3","Time"
"2000","20012","12049","B","03:32.4","Time"
"2000","20012","12706","G","03:32.1","Time"
"2000","20013","12489","G","04:05.1","Time"
"2000","20013","13675","B","04:05.3","Time"
"2000","20013","13684","S","04:05.2","Time"
"2000","20015","10374","B","20.2","Time"
"2000","20015","10507","S","20.14","Time"
"2000","20015","11779","G","20.09","Time"
"2000","20016","10725","S","22.27","Time"
"2000","20016","11639","B","22.28","Time"
"2000","20016","11695","G","21.84","Time"
"2000","20017","10105","B","1:19:27","Time"
"2000","20017","11454","S","1:19:03","Time"
"2000","20017","11946","G","1:18:59","Time"
"2000","20018","13007","S","1:29:33","Time"
"2000","20018","13964","B","1:30:23","Time"
"2000","20018","14079","G","1:29:05","Time"
"2000","20020","10959","B","08:22.2","Time"
"2000","20020","11857","S","08:21.8","Time"
"2000","20020","11949","G","08:21.4","Time"
"2000","20021","10540","B","38.04","Time"
"2000","20021","10704","S","37.9","Time"
"2000","20021","10861","G","37.61","Time"
"2000","20021","11138","B","38.04","Time"
"2000","20021","11280","G","37.61","Time"
"2000","20021","12147","G","37.61","Time"
"2000","20021","12192","S","37.9","Time"
"2000","20021","12422","B","38.04","Time"
"2000","20021","12945","B","38.04","Time"
"2000","20021","13146","S","37.9","Time"
"2000","20021","13452","S","37.9","Time"
"2000","20021","14153","G","37.61","Time"
"2000","20022","10508","S","42.13","Time"
"2000","20022","10725","G","41.95","Time"
"2000","20022","10894","B","42.2","Time"
"2000","20022","11078","G","41.95","Time"
"2000","20022","11104","G","41.95","Time"
"2000","20022","11113","B","42.2","Time"
"2000","20022","11695","B","42.2","Time"
"2000","20022","12090","S","42.13","Time"
"2000","20022","12438","S","42.13","Time"
"2000","20022","12849","S","42.13","Time"
"2000","20022","12956","B","42.2","Time"
"2000","20022","13631","G","41.95","Time"
"2000","20023","10181","S","02:58.7","Time"
"2000","20023","10345","B","02:58.8","Time"
"2000","20023","10611","S","02:58.7","Time"
"2000","20023","11391","G","02:56.3","Time"
"2000","20023","11393","G","02:56.3","Time"
"2000","20023","11410","B","02:58.8","Time"
"2000","20023","11685","G","02:56.3","Time"
"2000","20023","12442","B","02:58.8","Time"
"2000","20023","12585","S","02:58.7","Time"
"2000","20023","12984","G","02:56.3","Time"
"2000","20023","13891","S","02:58.7","Time"
"2000","20023","14152","B","02:58.8","Time"
"2000","20024","10639","G","03:22.6","Time"
"2000","20024","11227","B","03:23.5","Time"
"2000","20024","11262","S","03:23.3","Time"
"2000","20024","11429","S","03:23.3","Time"
"2000","20024","11438","G","03:22.6","Time"
"2000","20024","11695","G","03:22.6","Time"
"2000","20024","11957","B","03:23.5","Time"
"2000","20024","12526","G","03:22.6","Time"
"2000","20024","13057","B","03:23.5","Time"
"2000","20024","13151","S","03:23.3","Time"
"2000","20024","13385","S","03:23.3","Time"
"2000","20024","13560","B","03:23.5","Time"
"2000","20025","11391","S","44.4","Time"
"2000","20025","11410","B","44.7","Time"
"2000","20025","11700","G","43.84","Time"
"2000","20026","11076","G","49.11","Time"
"2000","20026","11262","S","49.58","Time"
"2000","20026","12497","B","49.72","Time"
"2000","20027","11448","B","47.81","Time"
"2000","20027","13550","S","47.53","Time"
"2000","20027","13743","G","47.5","Time"
"2000","20028","10326","B","53.57","Time"
"2000","20028","11429","S","53.45","Time"
"2000","20028","13057","G","53.02","Time"
"2000","20029","12050","B","13:36.5","Time"
"2000","20029","13275","S","13:36.2","Time"
"2000","20029","14170","G","13:35.5","Time"
"2000","20030","12844","S","14:41.0","Time"
"2000","20030","13675","G","14:40.8","Time"
"2000","20030","14072","B","14:42.2","Time"
"2000","20031","10960","S","3:43:40","Time"
"2000","20031","11946","G","3:42:22","Time"
"2000","20031","13296","B","3:44:36","Time"
"2000","20032","11857","S","01:45.1","Time"
"2000","20032","13274","B","01:45.2","Time"
"2000","20032","13374","G","01:45.1","Time"
"2000","20033","11259","S","01:56.6","Time"
"2000","20033","11501","B","01:56.8","Time"
"2000","20033","12649","G","01:56.2","Time"
"2000","20035","11544","B","8595","Score"
"2000","20035","12735","G","8641","Score"
"2000","20035","13392","S","8606","Score"
"2000","20036","10053","G","69.3","Meter"
"2000","20036","11998","B","68.19","Meter"
"2000","20036","13159","S","68.5","Meter"
"2000","20037","11768","S","65.71","Meter"
"2000","20037","14224","B","65.2","Meter"
"2000","20037","14325","G","68.4","Meter"
"2000","20038","10153","B","79.17","Meter"
"2000","20038","14024","S","79.64","Meter"
"2000","20038","14313","G","80.02","Meter"
"2000","20039","12034","S","69.77","Meter"
"2000","20039","12628","B","69.28","Meter"
"2000","20039","13500","G","71.16","Meter"
"2000","20040","12149","G","6584","Score"
"2000","20040","13059","S","6531","Score"
"2000","20040","13348","B","6527","Score"
"2000","20041","11367","B","2.32","Meter"
"2000","20041","11889","G","2.35","Meter"
"2000","20041","13561","S","2.32","Meter"
"2000","20042","10314","B","1.99","Meter"
"2000","20042","10631","S","2.01","Meter"
"2000","20042","14229","G","2.01","Meter"
"2000","20043","10180","S","89.85","Meter"
"2000","20043","12321","B","88.67","Meter"
"2000","20043","14277","G","90.17","Meter"
"2000","20044","11407","G","68.91","Meter"
"2000","20044","12335","S","67.51","Meter"
"2000","20044","12484","B","66.18","Meter"
"2000","20045","12919","G","8.55","Meter"
"2000","20045","13376","B","8.31","Meter"
"2000","20045","13741","S","8.49","Meter"
"2000","20046","10854","G","6.99","Meter"
"2000","20046","11695","B","6.92","Meter"
"2000","20046","12417","S","6.92","Meter"
"2000","20047","10013","G","2:10:11","Time"
"2000","20047","13823","B","2:11:10","Time"
"2000","20047","14057","S","2:10:31","Time"
"2000","20048","10579","B","2:24:45","Time"
"2000","20048","13476","S","2:23:22","Time"
"2000","20048","13701","G","2:23:14","Time"
"2000","20049","11558","G","5.9","Meter"
"2000","20049","11684","S","5.9","Meter"
"2000","20049","13736","B","5.9","Meter"
"2000","20050","10853","G","4.6","Meter"
"2000","20050","11035","B","4.5","Meter"
"2000","20050","11290","S","4.55","Meter"
"2000","20051","11211","B","21.2","Meter"
"2000","20051","11386","G","21.29","Meter"
"2000","20051","12692","S","21.21","Meter"
"2000","20052","11944","G","20.56","Meter"
"2000","20052","12017","B","19.62","Meter"
"2000","20052","12925","S","19.92","Meter"
"2000","20053","10892","G","17.71","Meter"
"2000","20053","11142","S","17.47","Meter"
"2000","20053","11744","B","17.46","Meter"
"2000","20054","11522","B","14.96","Meter"
"2000","20054","12096","S","15","Meter"
"2000","20054","12357","G","15.2","Meter"
"2000","20084","12726","S","01:02.5","Time"
"2000","20084","13080","G","01:01.6","Time"
"2000","20085","10201","G","34.14","Time"
"2000","20085","11014","S","34.696","Time"
"2000","20085","11659","B","34.768","Time"
"2000","20088","10233","G","04:18.5","Time"
"2000","20088","12129","S","04:23.8","Time"
"2000","20088","12443","B","04:19.2","Time"
"2000","20089","10630","S","03:33.4","Time"
"2000","20089","12446","B","03:38.8","Time"
"2000","20089","14306","G","03:38.9","Time"
"2000","20099","11019","B","10.166","Time"
"2000","20099","12741","G","10.243","Time"
"2000","20099","13232","S","10.277","Time"
"2000","20100","10201","G","11.262","Time"
"2000","20100","11285","S","11.439","Time"
"2000","20100","14221","B","11.494","Time"
"2000","20101","10233","G","03:59.7","Time"
"2000","20101","10270","G","03:59.7","Time"
"2000","20101","10582","S","04:04.5","Time"
"2000","20101","10985","S","04:04.5","Time"
"2000","20101","11100","G","03:59.7","Time"
"2000","20101","12129","G","03:59.7","Time"
"2000","20101","12338","B","04:02.0","Time"
"2000","20101","12408","S","04:04.5","Time"
"2000","20101","12704","B","04:02.0","Time"
"2000","20101","13587","B","04:02.0","Time"
"2000","20101","13671","S","04:04.5","Time"
"2000","20101","14144","B","04:02.0","Time"
"2000","20239","10241","B","682.7","Score"
"2000","20239","10871","G","688.9","Score"
"2000","20239","14089","S","686.9","Score"
"2000","20240","11044","B","484","Score"
"2000","20240","13398","S","486.5","Score"
"2000","20240","13729","G","488.2","Score"
"2000","20241","10052","B","693.8","Score"
"2000","20241","10492","G","696.4","Score"
"2000","20241","11789","S","695.1","Score"
"2000","20242","11125","B","497.2","Score"
"2000","20242","11686","G","497.7","Score"
"2000","20242","11736","S","497.5","Score"
"2000","20243","12573","S","681","Score"
"2000","20243","12730","B","677.4","Score"
"2000","20243","14214","G","681.1","Score"
"2000","20245","10955","B","686","Score"
"2000","20245","11299","G","690.3","Score"
"2000","20245","13729","S","689.8","Score"
"2000","20246","10061","G","687.6","Score"
"2000","20246","10116","S","686.1","Score"
"2000","20246","13098","B","684.6","Score"
"2000","20247","10241","S","663.3","Score"
"2000","20247","11866","G","666","Score"
"2000","20247","13763","B","662.5","Score"
"2000","20248","10743","G","1275.1","Score"
"2000","20248","11480","S","1270.5","Score"
"2000","20248","13598","B","1268.6","Score"
"2000","20249","10890","G","701.3","Score"
"2000","20249","11292","S","700.4","Score"
"2000","20249","12383","B","700.3","Score"
"2000","20250","10991","B","679.9","Score"
"2000","20250","11218","S","680.9","Score"
"2000","20250","12413","G","684.6","Score"
"2000","20251","10047","B","186","Score"
"2000","20251","10982","G","187","Score"
"2000","20251","12358","S","187","Score"
"2000","20252","11162","S","144","Score"
"2000","20252","11374","G","148","Score"
"2000","20252","13143","B","139","Score"
"2000","20253","11268","B","147","Score"
"2000","20253","12326","S","148","Score"
"2000","20253","12525","G","150","Score"
"2000","20254","10766","S","95","Score"
"2000","20254","11574","B","93","Score"
"2000","20254","12464","G","98","Score"
"2000","20256","10782","G","147","Score"
"2000","20256","12921","S","142","Score"
"2000","20256","12928","B","140","Score"
"2000","20257","11123","B","90","Score"
"2000","20257","11309","G","93","Score"
"2000","20257","13091","S","92","Score"
"2000","20259","11989","G","53.72","Time"
"2000","20259","13776","B","54.82","Time"
"2000","20259","14122","S","54.07","Time"
"2000","20260","12569","G","01:00.2","Time"
"2000","20260","12666","S","01:00.6","Time"
"2000","20260","14300","B","01:00.9","Time"
"2000","20261","11023","G","53.72","Time"
"2000","20261","12613","S","54.07","Time"
"2000","20261","13513","B","54.82","Time"
"2000","20262","11465","B","01:07.6","Time"
"2000","20262","11694","S","01:07.5","Time"
"2000","20262","13077","G","01:07.1","Time"
"2000","20263","11085","G","52","Time"
"2000","20263","11543","B","52.22","Time"
"2000","20263","11888","S","52.18","Time"
"2000","20264","10731","G","56.61","Time"
"2000","20264","12591","S","57.97","Time"
"2000","20264","13838","B","58.2","Time"
"2000","20265","11362","B","48.73","Time"
"2000","20265","13029","S","48.69","Time"
"2000","20265","13932","G","48.3","Time"
"2000","20266","10071","S","54.33","Time"
"2000","20266","10731","G","53.83","Time"
"2000","20266","13787","B","54.43","Time"
"2000","20266","13838","B","54.43","Time"
"2000","20267","11348","G","14:48.3","Time"
"2000","20267","12949","S","14:53.6","Time"
"2000","20267","13786","B","14:56.8","Time"
"2000","20268","11989","G","01:56.8","Time"
"2000","20268","12923","S","01:57.4","Time"
"2000","20268","14122","B","01:57.6","Time"
"2000","20269","12343","S","02:10.3","Time"
"2000","20269","12569","G","02:08.2","Time"
"2000","20269","12668","B","02:11.1","Time"
"2000","20270","11023","G","01:56.8","Time"
"2000","20270","12889","S","01:57.4","Time"
"2000","20270","13245","B","01:57.6","Time"
"2000","20271","10262","B","02:25.3","Time"
"2000","20271","11967","G","02:24.4","Time"
"2000","20271","11975","S","02:24.6","Time"
"2000","20272","12324","G","01:55.3","Time"
"2000","20272","12738","B","01:56.2","Time"
"2000","20272","13670","S","01:55.8","Time"
"2000","20273","11557","G","02:05.9","Time"
"2000","20273","12820","S","02:06.6","Time"
"2000","20273","13784","B","02:07.1","Time"
"2000","20274","13219","B","01:46.7","Time"
"2000","20274","13793","S","01:45.8","Time"
"2000","20274","13932","G","01:45.3","Time"
"2000","20275","12591","S","01:58.3","Time"
"2000","20275","12820","G","01:58.2","Time"
"2000","20275","13019","B","01:58.8","Time"
"2000","20276","10821","S","01:59.8","Time"
"2000","20276","13219","G","01:59.0","Time"
"2000","20276","14147","B","02:00.9","Time"
"2000","20277","10533","S","02:12.6","Time"
"2000","20277","11891","G","02:10.7","Time"
"2000","20277","13769","B","02:13.3","Time"
"2000","20278","10392","B","03:17.4","Time"
"2000","20278","10502","G","03:13.7","Time"
"2000","20278","10928","S","03:13.9","Time"
"2000","20278","11103","G","03:13.7","Time"
"2000","20278","11362","S","03:13.9","Time"
"2000","20278","11641","B","03:17.4","Time"
"2000","20278","11888","G","03:13.7","Time"
"2000","20278","12153","S","03:13.9","Time"
"2000","20278","13360","B","03:17.4","Time"
"2000","20278","13454","B","03:17.4","Time"
"2000","20278","13793","G","03:13.7","Time"
"2000","20278","14064","S","03:13.9","Time"
"2000","20279","10071","B","03:40.3","Time"
"2000","20279","10731","S","03:39.8","Time"
"2000","20279","11440","S","03:39.8","Time"
"2000","20279","11670","B","03:40.3","Time"
"2000","20279","11733","B","03:40.3","Time"
"2000","20279","13427","G","03:36.6","Time"
"2000","20279","13492","B","03:40.3","Time"
"2000","20279","13787","G","03:36.6","Time"
"2000","20279","13838","G","03:36.6","Time"
"2000","20279","13945","G","03:36.6","Time"
"2000","20279","13951","S","03:39.8","Time"
"2000","20279","13952","S","03:39.8","Time"
"2000","20280","10681","G","03:33.7","Time"
"2000","20280","11362","G","03:33.7","Time"
"2000","20280","11395","S","03:35.3","Time"
"2000","20280","11543","S","03:35.3","Time"
"2000","20280","11888","S","03:35.3","Time"
"2000","20280","11989","G","03:33.7","Time"
"2000","20280","11999","B","03:35.9","Time"
"2000","20280","12613","G","03:33.7","Time"
"2000","20280","13247","B","03:35.9","Time"
"2000","20280","13570","B","03:35.9","Time"
"2000","20280","13776","B","03:35.9","Time"
"2000","20280","14122","S","03:35.3","Time"
"2000","20281","10280","G","03:58.3","Time"
"2000","20281","10503","S","04:01.6","Time"
"2000","20281","11694","S","04:01.6","Time"
"2000","20281","12545","B","04:04.2","Time"
"2000","20281","12666","B","04:04.2","Time"
"2000","20281","12820","S","04:01.6","Time"
"2000","20281","12822","B","04:04.2","Time"
"2000","20281","13077","G","03:58.3","Time"
"2000","20281","13717","B","04:04.2","Time"
"2000","20281","13784","S","04:01.6","Time"
"2000","20281","13787","G","03:58.3","Time"
"2000","20281","13838","G","03:58.3","Time"
"2000","20282","10721","S","07:12.6","Time"
"2000","20282","11217","S","07:12.6","Time"
"2000","20282","11771","S","07:12.6","Time"
"2000","20282","11778","B","07:12.7","Time"
"2000","20282","11862","G","07:07.0","Time"
"2000","20282","11888","G","07:07.0","Time"
"2000","20282","12912","G","07:07.0","Time"
"2000","20282","13113","S","07:12.6","Time"
"2000","20282","13793","G","07:07.0","Time"
"2000","20282","13932","B","07:12.7","Time"
"2000","20282","14187","B","07:12.7","Time"
"2000","20282","14321","B","07:12.7","Time"
"2000","20283","10139","G","07:57.8","Time"
"2000","20283","10305","G","07:57.8","Time"
"2000","20283","10483","B","07:58.6","Time"
"2000","20283","11397","B","07:58.6","Time"
"2000","20283","11807","B","07:58.6","Time"
"2000","20283","12644","G","07:57.8","Time"
"2000","20283","12820","S","07:58.5","Time"
"2000","20283","13215","S","07:58.5","Time"
"2000","20283","13784","S","07:58.5","Time"
"2000","20283","13787","G","07:57.8","Time"
"2000","20283","13791","S","07:58.5","Time"
"2000","20283","13922","B","07:58.6","Time"
"2000","20284","11771","B","03:47.0","Time"
"2000","20284","13219","S","03:43.4","Time"
"2000","20284","13793","G","03:40.6","Time"
"2000","20285","10307","G","04:05.8","Time"
"2000","20285","12644","S","04:07.1","Time"
"2000","20285","13019","B","04:07.8","Time"
"2000","20286","10821","G","04:11.8","Time"
"2000","20286","12651","B","04:15.3","Time"
"2000","20286","13983","S","04:14.2","Time"
"2000","20287","10533","B","04:37.2","Time"
"2000","20287","11891","G","04:33.6","Time"
"2000","20287","13698","S","04:36.0","Time"
"2000","20288","10928","G","21.98","Time"
"2000","20288","11362","S","21.98","Time"
"2000","20288","13932","B","22.03","Time"
"2000","20289","10071","S","24.51","Time"
"2000","20289","10731","G","24.32","Time"
"2000","20289","13838","B","24.63","Time"
"2000","20290","10307","G","08:19.7","Time"
"2000","20290","11891","S","08:22.7","Time"
"2000","20290","13301","B","08:24.3","Time"
"2000","20318","10566","B","465","kg"
"2000","20318","13141","G","472.5","kg"
"2000","20318","14119","S","467.5","kg"
"2000","20321","10797","G","300","kg"
"2000","20321","11413","B","270","kg"
"2000","20321","14188","S","295","kg"
"2000","20326","11588","B","182.5","kg"
"2000","20326","12742","G","185","kg"
"2000","20326","13244","S","185","kg"
"2000","20328","12162","S","212.5","kg"
"2000","20328","13506","B","202.5","kg"
"2000","20328","14218","G","225","kg"
"2000","20330","12648","G","305","kg"
"2000","20330","14191","S","287.5","kg"
"2000","20330","14292","B","287.5","kg"
"2000","20331","11661","G","222.5","kg"
"2000","20331","13144","S","222","kg"
"2000","20331","13658","B","210","kg"
"2000","20334","12801","B","317.5","kg"
"2000","20334","12915","G","325","kg"
"2000","20334","13261","S","317.5","kg"
"2000","20335","10563","B","222.5","kg"
"2000","20335","10572","G","242.5","kg"
"2000","20335","13030","S","235","kg"
"2000","20338","10363","G","357.5","kg"
"2000","20338","12082","B","340","kg"
"2000","20338","12362","S","352.5","kg"
"2000","20339","12199","G","242.5","kg"
"2000","20339","12329","B","240","kg"
"2000","20339","12364","S","242.5","kg"
"2000","20341","12019","B","245","kg"
"2000","20341","12775","S","245","kg"
"2000","20341","13905","G","245","kg"
"2000","20344","12475","B","365","kg"
"2000","20344","12562","S","367.5","kg"
"2000","20344","14286","G","367.5","kg"
"2004","20005","12608","B","12.56","Time"
"2004","20005","14782","G","12.37","Time"
"2004","20005","14972","S","12.45","Time"
"2004","20006","14419","G","27:05.1","Time"
"2004","20006","15418","S","27:09.4","Time"
"2004","20006","15477","B","27:22.6","Time"
"2004","20007","13881","B","30:26.4","Time"
"2004","20007","14588","S","30:25.0","Time"
"2004","20007","15659","G","30:24.4","Time"
"2004","20008","11280","B","9.87","Time"
"2004","20008","14707","G","9.85","Time"
"2004","20008","15216","S","9.86","Time"
"2004","20009","10508","B","10.97","Time"
"2004","20009","15197","G","10.93","Time"
"2004","20009","15632","S","10.96","Time"
"2004","20010","11135","B","13.2","Time"
"2004","20010","13851","S","13.18","Time"
"2004","20010","15038","G","12.91","Time"
"2004","20012","10910","G","03:34.2","Time"
"2004","20012","12049","S","03:34.3","Time"
"2004","20012","15419","B","03:34.7","Time"
"2004","20013","11501","G","03:57.9","Time"
"2004","20013","14521","B","03:58.4","Time"
"2004","20013","15520","S","03:58.1","Time"
"2004","20015","14536","G","19.79","Time"
"2004","20015","14707","B","20.03","Time"
"2004","20015","15628","S","20.01","Time"
"2004","20016","10508","G","22.05","Time"
"2004","20016","14654","S","22.18","Time"
"2004","20016","14658","B","22.3","Time"
"2004","20017","14472","G","0.055324074","Time"
"2004","20017","14564","B","0.055578704","Time"
"2004","20017","14660","S","0.055381944","Time"
"2004","20018","14843","S","1:29:16","Time"
"2004","20018","15378","B","1:29:25","Time"
"2004","20018","15541","G","1:29:12","Time"
"2004","20020","14914","G","08:05.8","Time"
"2004","20020","14940","S","08:06.1","Time"
"2004","20020","14953","B","08:06.6","Time"
"2004","20021","10507","G","38.07","Time"
"2004","20021","11280","S","38.08","Time"
"2004","20021","14345","B","38.23","Time"
"2004","20021","14536","S","38.08","Time"
"2004","20021","14582","G","38.07","Time"
"2004","20021","14618","B","38.23","Time"
"2004","20021","14627","B","38.23","Time"
"2004","20021","14651","B","38.23","Time"
"2004","20021","14703","G","38.07","Time"
"2004","20021","14707","S","38.08","Time"
"2004","20021","15025","G","38.07","Time"
"2004","20021","15137","S","38.08","Time"
"2004","20022","10508","G","41.73","Time"
"2004","20022","12090","G","41.73","Time"
"2004","20022","14370","B","42.54","Time"
"2004","20022","14386","G","41.73","Time"
"2004","20022","14655","B","42.54","Time"
"2004","20022","14694","S","42.27","Time"
"2004","20022","14822","B","42.54","Time"
"2004","20022","14918","S","42.27","Time"
"2004","20022","14980","S","42.27","Time"
"2004","20022","15080","B","42.54","Time"
"2004","20022","15423","G","41.73","Time"
"2004","20022","15475","S","42.27","Time"
"2004","20023","14377","B","03:00.9","Time"
"2004","20023","14465","G","02:55.9","Time"
"2004","20023","14616","S","03:00.6","Time"
"2004","20023","14726","B","03:00.9","Time"
"2004","20023","14777","G","02:55.9","Time"
"2004","20023","14805","S","03:00.6","Time"
"2004","20023","15235","S","03:00.6","Time"
"2004","20023","15452","S","03:00.6","Time"
"2004","20023","15550","B","03:00.9","Time"
"2004","20023","15612","G","02:55.9","Time"
"2004","20023","15617","B","03:00.9","Time"
"2004","20023","15638","G","02:55.9","Time"
"2004","20024","11438","G","03:19.0","Time"
"2004","20024","13151","B","03:22.0","Time"
"2004","20024","14361","S","03:20.2","Time"
"2004","20024","14475","B","03:22.0","Time"
"2004","20024","14556","B","03:22.0","Time"
"2004","20024","14792","G","03:19.0","Time"
"2004","20024","14971","S","03:20.2","Time"
"2004","20024","15190","S","03:20.2","Time"
"2004","20024","15325","G","03:19.0","Time"
"2004","20024","15536","G","03:19.0","Time"
"2004","20024","15633","B","03:22.0","Time"
"2004","20024","15717","S","03:20.2","Time"
"2004","20025","14465","B","44.42","Time"
"2004","20025","14777","S","44.16","Time"
"2004","20025","15612","G","44","Time"
"2004","20026","14361","B","49.89","Time"
"2004","20026","14754","S","49.56","Time"
"2004","20026","15636","G","49.41","Time"
"2004","20027","12442","S","48.11","Time"
"2004","20027","14910","B","48.26","Time"
"2004","20027","15367","G","47.63","Time"
"2004","20028","14764","G","52.82","Time"
"2004","20028","15503","B","53.44","Time"
"2004","20028","15516","S","53.38","Time"
"2004","20029","10910","G","13:14.4","Time"
"2004","20029","14419","S","13:14.6","Time"
"2004","20029","14939","B","13:15.1","Time"
"2004","20030","14566","G","14:45.7","Time"
"2004","20030","14589","B","14:51.8","Time"
"2004","20030","15217","S","14:48.2","Time"
"2004","20031","11946","G","3:38:46","Time"
"2004","20031","15207","S","3:42:50","Time"
"2004","20031","15593","B","3:43:34","Time"
"2004","20032","11857","B","01:44.7","Time"
"2004","20032","14453","G","01:44.5","Time"
"2004","20032","15172","S","01:44.6","Time"
"2004","20033","11501","G","01:56.4","Time"
"2004","20033","14422","S","01:56.4","Time"
"2004","20033","14500","B","01:56.4","Time"
"2004","20035","13392","G","8893","Score"
"2004","20035","14524","S","8820","Score"
"2004","20035","14899","B","8725","Score"
"2004","20036","10053","G","69.89","Meter"
"2004","20036","14966","S","67.04","Meter"
"2004","20036","15482","B","66.66","Meter"
"2004","20037","11768","S","66.68","Meter"
"2004","20037","13266","G","67.02","Meter"
"2004","20037","14224","B","66.17","Meter"
"2004","20038","14362","B","79.51","Meter"
"2004","20038","15177","G","82.91","Meter"
"2004","20038","15515","S","79.81","Meter"
"2004","20039","12034","G","75.02","Meter"
"2004","20039","14537","B","73.16","Meter"
"2004","20039","15162","S","73.36","Meter"
"2004","20040","14948","G","6952","Score"
"2004","20040","15430","S","6435","Score"
"2004","20040","15444","B","6424","Score"
"2004","20041","14380","B","2.34","Meter"
"2004","20041","14791","S","2.34","Meter"
"2004","20041","14807","G","2.36","Meter"
"2004","20042","10631","S","2.02","Meter"
"2004","20042","15431","G","2.06","Meter"
"2004","20042","15467","B","2.02","Meter"
"2004","20043","12321","B","84.84","Meter"
"2004","20043","15512","G","86.5","Meter"
"2004","20043","15571","S","84.95","Meter"
"2004","20044","12484","G","71.53","Meter"
"2004","20044","15082","B","64.29","Meter"
"2004","20044","15195","S","65.82","Meter"
"2004","20045","15097","B","8.32","Meter"
"2004","20045","15148","S","8.47","Meter"
"2004","20045","15263","G","8.59","Meter"
"2004","20046","12096","G","7.07","Meter"
"2004","20046","14965","B","7.05","Meter"
"2004","20046","15421","S","7.05","Meter"
"2004","20047","14390","G","2:10:55","Time"
"2004","20047","14908","S","2:11:29","Time"
"2004","20047","15031","B","2:12:11","Time"
"2004","20048","14905","B","2:27:20","Time"
"2004","20048","15191","S","2:26:32","Time"
"2004","20048","15210","G","2:26:20","Time"
"2004","20049","14718","B","5.85","Meter"
"2004","20049","15062","G","5.95","Meter"
"2004","20049","15459","S","5.9","Meter"
"2004","20050","14657","S","4.75","Meter"
"2004","20050","14840","G","4.91","Meter"
"2004","20050","15341","B","4.7","Meter"
"2004","20051","12692","S","21.16","Meter"
"2004","20051","14433","G","21.16","Meter"
"2004","20051","15228","B","21.07","Meter"
"2004","20052","14545","G","19.59","Meter"
"2004","20052","14947","S","19.55","Meter"
"2004","20052","14978","B","19.49","Meter"
"2004","20053","14477","B","17.48","Meter"
"2004","20053","15230","G","17.79","Meter"
"2004","20053","15233","S","17.55","Meter"
"2004","20054","12096","B","15.14","Meter"
"2004","20054","14581","S","15.25","Meter"
"2004","20054","15110","G","15.3","Meter"
"2004","20084","11526","G","01:00.7","Time"
"2004","20084","12726","B","01:01.2","Time"
"2004","20084","13843","S","01:00.9","Time"
"2004","20085","14869","S","34.112","Time"
"2004","20085","15118","G","33.952","Time"
"2004","20085","15546","B","34.167","Time"
"2004","20088","12443","S","04:20.4","Time"
"2004","20088","14144","G","04:16.3","Time"
"2004","20088","14641","B","04:17.9","Time"
"2004","20089","15063","S","03:29.9","Time"
"2004","20089","15555","G","03:26.4","Time"
"2004","20089","15709","B","03:30.4","Time"
"2004","20099","14413","G","10.177","Time"
"2004","20099","14454","S","10.2214","Time"
"2004","20099","15644","B","10.23","Time"
"2004","20100","14332","B","11.364","Time"
"2004","20100","15118","G","11.291","Time"
"2004","20100","15546","S","11.364","Time"
"2004","20101","12338","S","04:04.0","Time"
"2004","20101","12704","S","04:04.0","Time"
"2004","20101","13587","S","04:04.0","Time"
"2004","20101","14471","G","04:00.6","Time"
"2004","20101","14496","B","04:04.4","Time"
"2004","20101","14546","S","04:04.0","Time"
"2004","20101","14558","G","04:00.6","Time"
"2004","20101","14641","B","04:04.4","Time"
"2004","20101","14999","G","04:00.6","Time"
"2004","20101","15066","B","04:04.4","Time"
"2004","20101","15525","B","04:04.4","Time"
"2004","20101","15648","G","04:00.6","Time"
"2004","20239","14089","G","690","Score"
"2004","20239","14838","B","684.3","Score"
"2004","20239","15198","S","689.8","Score"
"2004","20240","11299","B","482.3","Score"
"2004","20240","13398","S","483.3","Score"
"2004","20240","14961","G","483.3","Score"
"2004","20241","11225","B","697.4","Score"
"2004","20241","15027","S","701.3","Score"
"2004","20241","15706","G","702.7","Score"
"2004","20242","14609","G","502","Score"
"2004","20242","14698","S","501.5","Score"
"2004","20242","14990","B","501.1","Score"
"2004","20243","14440","S","678","Score"
"2004","20243","14992","G","682.4","Score"
"2004","20243","15058","B","677.1","Score"
"2004","20245","11299","G","688.2","Score"
"2004","20245","14374","B","687.3","Score"
"2004","20245","14824","S","687.8","Score"
"2004","20246","10061","B","692.3","Score"
"2004","20246","13375","G","694.9","Score"
"2004","20246","15276","S","692.7","Score"
"2004","20247","14871","S","661.5","Score"
"2004","20247","14930","B","657.7","Score"
"2004","20247","15198","G","663.3","Score"
"2004","20248","14360","S","1263.1","Score"
"2004","20248","14868","G","1264.5","Score"
"2004","20248","15270","B","1262.8","Score"
"2004","20249","12383","B","701.6","Score"
"2004","20249","14629","G","703.3","Score"
"2004","20249","15054","S","702.2","Score"
"2004","20250","14698","G","688.4","Score"
"2004","20250","15548","S","685.9","Score"
"2004","20250","15604","B","685.4","Score"
"2004","20251","14348","G","189","Score"
"2004","20251","15310","S","179","Score"
"2004","20251","15609","B","178","Score"
"2004","20252","11123","B","142","Score"
"2004","20252","13143","G","146","Score"
"2004","20252","15009","S","145","Score"
"2004","20253","10304","G","149","Score"
"2004","20253","14916","S","149","Score"
"2004","20253","15338","B","147","Score"
"2004","20254","11574","G","97","Score"
"2004","20254","12464","B","93","Score"
"2004","20254","15616","S","93","Score"
"2004","20256","12928","S","146","Score"
"2004","20256","14344","G","149","Score"
"2004","20256","15575","B","145","Score"
"2004","20257","14392","G","88","Score"
"2004","20257","15009","B","83","Score"
"2004","20257","15295","S","84","Score"
"2004","20259","12923","G","54.06","Time"
"2004","20259","15165","B","54.36","Time"
"2004","20259","15339","S","54.35","Time"
"2004","20260","14530","G","01:00.4","Time"
"2004","20260","14532","S","01:00.5","Time"
"2004","20260","15079","B","01:00.9","Time"
"2004","20261","14610","B","01:00.9","Time"
"2004","20261","14771","S","01:00.3","Time"
"2004","20261","14943","G","01:00.1","Time"
"2004","20262","11694","B","01:07.2","Time"
"2004","20262","14773","S","01:07.2","Time"
"2004","20262","15052","G","01:06.6","Time"
"2004","20263","10681","S","51.29","Time"
"2004","20263","15262","G","51.25","Time"
"2004","20263","15402","B","51.36","Time"
"2004","20264","10731","B","57.99","Time"
"2004","20264","13784","G","57.72","Time"
"2004","20264","14861","S","57.84","Time"
"2004","20265","13793","B","48.56","Time"
"2004","20265","13932","G","48.17","Time"
"2004","20265","15388","S","48.23","Time"
"2004","20266","10731","S","54.16","Time"
"2004","20266","14530","B","54.4","Time"
"2004","20266","14794","G","53.84","Time"
"2004","20267","11348","G","14:43.4","Time"
"2004","20267","14555","B","14:46.0","Time"
"2004","20267","14865","S","14:45.3","Time"
"2004","20268","12923","G","01:55.0","Time"
"2004","20268","14678","B","01:57.6","Time"
"2004","20268","15339","S","01:57.4","Time"
"2004","20269","14532","G","02:09.2","Time"
"2004","20269","14955","S","02:09.7","Time"
"2004","20269","15186","B","02:09.9","Time"
"2004","20270","14760","S","02:10.8","Time"
"2004","20270","14771","B","02:10.9","Time"
"2004","20270","14943","G","02:09.4","Time"
"2004","20271","10262","G","02:23.4","Time"
"2004","20271","11694","S","02:23.6","Time"
"2004","20271","15275","B","02:25.8","Time"
"2004","20272","15251","B","01:55.5","Time"
"2004","20272","15262","G","01:54.0","Time"
"2004","20272","15664","S","01:54.6","Time"
"2004","20273","13784","S","02:06.4","Time"
"2004","20273","14861","G","02:06.1","Time"
"2004","20273","15187","B","02:08.0","Time"
"2004","20274","13793","G","01:44.7","Time"
"2004","20274","13932","S","01:45.2","Time"
"2004","20274","15262","B","01:45.3","Time"
"2004","20275","14669","B","01:58.4","Time"
"2004","20275","15256","S","01:58.2","Time"
"2004","20275","15285","G","01:58.0","Time"
"2004","20276","14460","B","01:58.8","Time"
"2004","20276","15044","S","01:58.8","Time"
"2004","20276","15262","G","01:57.1","Time"
"2004","20277","10262","S","02:11.7","Time"
"2004","20277","11891","G","02:11.1","Time"
"2004","20277","14532","B","02:12.7","Time"
"2004","20278","10681","B","03:14.6","Time"
"2004","20278","11778","S","03:14.4","Time"
"2004","20278","12153","B","03:14.6","Time"
"2004","20278","13932","S","03:14.4","Time"
"2004","20278","14064","B","03:14.6","Time"
"2004","20278","14664","G","03:13.2","Time"
"2004","20278","15192","G","03:13.2","Time"
"2004","20278","15262","B","03:14.6","Time"
"2004","20278","15388","G","03:13.2","Time"
"2004","20278","15532","G","03:13.2","Time"
"2004","20278","15688","S","03:14.4","Time"
"2004","20278","15716","S","03:14.4","Time"
"2004","20279","10731","B","03:37.6","Time"
"2004","20279","13784","G","03:35.9","Time"
"2004","20279","13787","S","03:36.4","Time"
"2004","20279","14530","S","03:36.4","Time"
"2004","20279","14567","B","03:37.6","Time"
"2004","20279","14750","B","03:37.6","Time"
"2004","20279","14794","G","03:35.9","Time"
"2004","20279","14884","S","03:36.4","Time"
"2004","20279","15019","G","03:35.9","Time"
"2004","20279","15138","G","03:35.9","Time"
"2004","20279","15574","B","03:37.6","Time"
"2004","20279","15618","S","03:36.4","Time"
"2004","20280","10681","G","03:30.7","Time"
"2004","20280","11999","S","03:33.6","Time"
"2004","20280","12153","G","03:30.7","Time"
"2004","20280","12923","G","03:30.7","Time"
"2004","20280","13247","S","03:33.6","Time"
"2004","20280","14527","S","03:33.6","Time"
"2004","20280","14608","S","03:33.6","Time"
"2004","20280","14771","G","03:30.7","Time"
"2004","20280","14943","B","03:35.2","Time"
"2004","20280","15165","B","03:35.2","Time"
"2004","20280","15227","B","03:35.2","Time"
"2004","20280","15664","B","03:35.2","Time"
"2004","20281","10262","S","03:59.1","Time"
"2004","20281","10483","B","04:00.7","Time"
"2004","20281","11694","G","03:57.3","Time"
"2004","20281","13215","G","03:57.3","Time"
"2004","20281","13784","G","03:57.3","Time"
"2004","20281","13787","S","03:59.1","Time"
"2004","20281","13922","B","04:00.7","Time"
"2004","20281","14530","S","03:59.1","Time"
"2004","20281","14743","B","04:00.7","Time"
"2004","20281","14794","G","03:57.3","Time"
"2004","20281","14884","S","03:59.1","Time"
"2004","20281","15272","B","04:00.7","Time"
"2004","20282","11348","S","07:07.5","Time"
"2004","20282","11771","G","07:07.3","Time"
"2004","20282","11888","S","07:07.5","Time"
"2004","20282","13219","B","07:11.8","Time"
"2004","20282","13793","S","07:07.5","Time"
"2004","20282","14464","B","07:11.8","Time"
"2004","20282","14501","B","07:11.8","Time"
"2004","20282","15044","G","07:07.3","Time"
"2004","20282","15068","B","07:11.8","Time"
"2004","20282","15262","G","07:07.3","Time"
"2004","20282","15450","S","07:07.5","Time"
"2004","20282","15568","G","07:07.3","Time"
"2004","20283","10483","B","07:57.4","Time"
"2004","20283","13301","G","07:53.4","Time"
"2004","20283","13922","B","07:57.4","Time"
"2004","20283","14530","G","07:53.4","Time"
"2004","20283","14550","B","07:57.4","Time"
"2004","20283","15247","S","07:56.0","Time"
"2004","20283","15266","G","07:53.4","Time"
"2004","20283","15461","B","07:57.4","Time"
"2004","20283","15588","G","07:53.4","Time"
"2004","20283","15660","S","07:56.0","Time"
"2004","20283","15670","S","07:56.0","Time"
"2004","20283","15707","S","07:56.0","Time"
"2004","20284","11348","S","03:43.4","Time"
"2004","20284","11771","B","03:44.1","Time"
"2004","20284","13793","G","03:43.1","Time"
"2004","20285","13301","B","04:06.2","Time"
"2004","20285","14861","S","04:05.8","Time"
"2004","20285","15079","G","04:05.3","Time"
"2004","20286","13983","S","04:11.8","Time"
"2004","20286","14543","B","04:12.1","Time"
"2004","20286","15262","G","04:08.3","Time"
"2004","20287","11891","G","04:34.8","Time"
"2004","20287","13301","S","04:34.9","Time"
"2004","20287","14396","B","04:37.5","Time"
"2004","20288","11362","G","21.93","Time"
"2004","20288","14604","S","21.94","Time"
"2004","20288","15388","B","22.02","Time"
"2004","20289","10731","G","24.58","Time"
"2004","20289","15019","B","24.91","Time"
"2004","20289","15129","S","24.89","Time"
"2004","20290","12644","B","08:26.6","Time"
"2004","20290","15079","S","08:25.0","Time"
"2004","20290","15412","G","08:24.5","Time"
"2004","20318","14517","B","447.5","kg"
"2004","20318","15322","G","472.5","kg"
"2004","20318","15381","S","455","kg"
"2004","20321","14188","B","290","kg"
"2004","20321","14853","S","302.5","kg"
"2004","20321","15487","G","305","kg"
"2004","20326","15030","S","205","kg"
"2004","20326","15496","G","210","kg"
"2004","20326","15642","B","200","kg"
"2004","20328","13244","S","210","kg"
"2004","20328","15167","B","197.5","kg"
"2004","20328","15277","G","222.5","kg"
"2004","20330","12648","G","295","kg"
"2004","20330","14373","B","280","kg"
"2004","20330","15651","S","287.5","kg"
"2004","20331","13144","S","232.5","kg"
"2004","20331","14508","G","237.5","kg"
"2004","20331","14892","B","230","kg"
"2004","20334","15007","S","312.5","kg"
"2004","20334","15354","B","295","kg"
"2004","20334","15411","G","325","kg"
"2004","20335","14410","S","242.5","kg"
"2004","20335","15427","G","242.5","kg"
"2004","20335","15466","B","222.5","kg"
"2004","20338","12915","B","337.5","kg"
"2004","20338","15008","S","342.5","kg"
"2004","20338","15694","G","347.5","kg"
"2004","20339","14903","B","262.5","kg"
"2004","20339","14981","S","262.5","kg"
"2004","20339","15035","G","275","kg"
"2004","20341","13030","B","265","kg"
"2004","20341","15511","G","272.5","kg"
"2004","20341","15681","S","272.5","kg"
"2004","20344","14670","S","372.5","kg"
"2004","20344","15258","B","365","kg"
"2004","20344","15362","G","375","kg"
